Date,Open Price,High Price,Low Price,Close Price,WAP,No.of Shares,No. of Trades,Total Turnover (Rs.),Deliverable Quantity,% Deli. Qty to Traded Qty,Spread High-Low,Spread Close-Open
3-June-2026,1222.95,1247.60,1213.90,1242.35,1223.219969709033996237,474729,12653,580697993.00,354780,74.73,33.70,19.40
2-June-2026,1233.95,1237.55,1220.85,1226.35,1228.657895844599079743,308827,12233,379442732.00,136776,44.29,16.70,-7.60
1-June-2026,1260.90,1262.10,1236.25,1239.50,1249.448462613556953179,97308,4949,121581331.00,54330,55.83,25.85,-21.40
29-May-2026,1273.20,1287.70,1248.75,1256.00,1271.548243621235570574,281716,10405,358215485.00,143775,51.04,38.95,-17.20
27-May-2026,1285.25,1293.85,1267.00,1272.80,1279.721583389134063097,1400818,37126,1792657029.00,196540,14.03,26.85,-12.45
26-May-2026,1291.90,1301.80,1277.10,1279.15,1290.156081560391189149,164933,6292,212789313.00,63365,38.42,24.70,-12.75
25-May-2026,1274.90,1293.00,1271.20,1291.60,1281.608444849194065909,423856,14267,543217429.00,251622,59.36,21.80,16.70
22-May-2026,1242.90,1270.50,1242.90,1264.90,1263.271165129924559932,429480,13010,542549700.00,231730,53.96,27.60,22.00
21-May-2026,1243.25,1248.35,1234.05,1242.90,1243.164803543260731782,1197541,27306,1488740822.00,196193,16.38,14.30,-0.35
20-May-2026,1227.10,1238.95,1223.10,1237.50,1231.953129739035340655,468186,17806,576783208.00,222248,47.47,15.85,10.40
19-May-2026,1252.90,1255.80,1229.65,1240.95,1240.474992561372092451,732662,7754,908848889.00,632168,86.28,26.15,-11.95
18-May-2026,1235.00,1254.00,1233.00,1250.95,1241.053597796502436559,306785,10438,380736628.00,189227,61.68,21.00,15.95
15-May-2026,1245.00,1257.00,1242.20,1244.70,1248.462373639283379598,211102,8889,263552904.00,105723,50.08,14.80,-0.30
14-May-2026,1238.10,1256.50,1236.40,1246.45,1248.333627795001864225,1590473,37670,1985440930.00,297058,18.68,20.10,8.35
13-May-2026,1239.30,1249.95,1227.05,1236.10,1238.737286595375451432,341136,14610,422577883.00,102831,30.14,22.90,-3.20
12-May-2026,1258.95,1260.05,1237.70,1240.15,1247.371389312064999850,234339,8028,292307764.00,94160,40.18,22.35,-18.80
11-May-2026,1258.15,1275.60,1252.00,1266.15,1268.191948117393161925,912830,14338,1157643656.00,749396,82.10,23.60,8.00
8-May-2026,1283.95,1283.95,1261.50,1264.80,1265.207104096764839898,482820,14454,610867294.00,367960,76.21,22.45,-19.15
7-May-2026,1287.10,1293.95,1273.25,1277.70,1283.912866677542910434,1642724,52147,2109114480.00,581578,35.40,20.70,-9.40
6-May-2026,1261.05,1282.25,1252.20,1279.45,1267.415294021335636836,354243,12590,448972996.00,185096,52.25,30.05,18.40
5-May-2026,1264.90,1265.00,1245.45,1251.45,1253.489906502007520828,322039,18179,403672636.00,173629,53.92,19.55,-13.45
4-May-2026,1266.40,1282.00,1265.00,1270.95,1273.783712335502836568,189137,8450,240919630.00,92707,49.02,17.00,4.55
30-April-2026,1260.05,1271.45,1259.10,1262.75,1265.062685027452949919,1473430,32098,1863981312.00,234533,15.92,12.35,2.70
29-April-2026,1294.95,1295.25,1278.10,1280.50,1288.300642879510748429,380009,13259,489565839.00,253181,66.62,17.15,-14.45
28-April-2026,1305.95,1318.00,1286.95,1291.75,1303.434841425312115465,384393,14668,501031229.00,195174,50.77,31.05,-14.20
27-April-2026,1329.95,1335.85,1311.00,1315.05,1320.153061427055784827,453367,13828,598513833.00,229591,50.64,24.85,-14.90
24-April-2026,1344.95,1349.60,1324.05,1326.30,1332.758929750932352373,196814,12004,262305616.00,108298,55.03,25.55,-18.65
23-April-2026,1349.95,1354.00,1343.40,1347.75,1348.460330408784154897,2093770,37540,2823365786.00,303120,14.48,10.60,-2.20
22-April-2026,1377.00,1379.30,1365.05,1367.80,1370.425266709485876323,375221,14734,514212339.00,218343,58.19,14.25,-9.20
21-April-2026,1363.00,1392.00,1359.45,1388.65,1379.912485712066229428,810999,24974,1119107646.00,505086,62.28,32.55,25.65
20-April-2026,1358.05,1376.25,1352.85,1356.00,1364.111714264755278774,1036036,25681,1413268844.00,488746,47.17,23.40,-2.05
17-April-2026,1346.85,1353.00,1334.55,1347.50,1342.127063230066023362,157520,6257,211411855.00,61747,39.20,18.45,0.65
16-April-2026,1352.00,1367.30,1339.85,1345.45,1349.845630673116027931,3929278,71417,5303918740.00,1368082,34.82,27.45,-6.55
15-April-2026,1364.05,1364.05,1337.45,1347.80,1348.343499413663103418,1031830,35830,1391261273.00,520273,50.42,26.60,-16.25
13-April-2026,1300.00,1356.30,1296.55,1350.55,1329.532496858459312288,525220,18763,698297058.00,252236,48.02,59.75,50.55
10-April-2026,1292.80,1324.20,1289.40,1322.00,1315.105080174558935603,455319,10474,598792330.00,286257,62.87,34.80,29.20
9-April-2026,1300.00,1306.00,1275.60,1280.75,1283.637167611293997912,3120631,56047,4005757938.00,500722,16.05,30.40,-19.25
8-April-2026,1301.00,1331.00,1292.50,1309.25,1306.098128225997781887,880929,31979,1150579718.00,471207,53.49,38.50,8.25
7-April-2026,1227.75,1250.00,1217.45,1246.20,1230.040096656319987426,458118,10320,563503509.00,306465,66.90,32.55,18.45
6-April-2026,1215.50,1234.35,1200.40,1231.30,1219.708773959368097208,477162,13044,581998678.00,284968,59.72,33.95,15.80
2-April-2026,1197.95,1221.90,1187.55,1216.05,1207.651761455604712867,2010326,59329,2427773735.00,1007297,50.11,34.35,18.10
1-April-2026,1234.95,1234.95,1210.00,1212.55,1215.428160427161714717,1225578,18319,1489602014.00,940592,76.75,24.95,-22.40
30-March-2026,1214.00,1222.60,1200.10,1205.20,1212.516434821128615556,672718,24337,815681631.00,439797,65.38,22.50,-8.80
27-March-2026,1251.00,1260.00,1230.60,1234.20,1244.017417475158629545,613694,20118,763446025.00,366409,59.71,29.40,-16.80
25-March-2026,1256.45,1272.95,1255.00,1259.80,1261.983152713539208215,1862199,42726,2350063765.00,670395,36.00,17.95,3.35
24-March-2026,1240.20,1253.90,1224.30,1251.70,1240.396310081149851008,606409,19956,752187486.00,330325,54.47,29.60,11.50
23-March-2026,1239.20,1239.20,1218.00,1222.65,1224.982062854746492499,481682,22599,590051810.00,285589,59.29,21.20,-16.55
20-March-2026,1255.90,1274.10,1241.40,1245.55,1265.353131933957090669,948232,12015,1199848331.00,760444,80.20,32.70,-10.35
19-March-2026,1268.00,1284.95,1244.00,1250.80,1256.678774533427094468,1093559,37110,1374252384.00,236499,21.63,40.95,-17.20
18-March-2026,1288.45,1297.20,1271.25,1289.95,1278.437882378792397155,1592825,27092,2036327820.00,1265579,79.45,25.95,1.50
17-March-2026,1280.30,1293.90,1273.50,1288.95,1284.854415748226877029,483610,15218,621368444.00,311030,64.31,20.40,8.65
16-March-2026,1254.30,1276.60,1240.15,1273.00,1254.524306652346958114,443212,7212,556020227.00,320907,72.40,36.45,18.70
13-March-2026,1254.80,1262.10,1248.25,1254.30,1253.351625212437337665,280671,10671,351779454.00,156261,55.67,13.85,-0.50
12-March-2026,1277.90,1280.40,1258.10,1266.10,1270.495318989183228137,1278570,38210,1624417200.00,669416,52.36,22.30,-11.80
11-March-2026,1303.65,1307.00,1291.00,1294.45,1297.299727038862596469,560153,32855,726686334.00,334326,59.68,16.00,-9.20
10-March-2026,1289.05,1315.00,1286.65,1312.25,1301.890460368267545492,295546,23226,384768518.00,172764,58.46,28.35,23.20
9-March-2026,1277.00,1282.45,1251.30,1277.40,1269.748055415079864730,290679,13604,369089095.00,138331,47.59,31.15,0.40
6-March-2026,1338.00,1346.45,1310.70,1313.35,1321.938450613552708526,406974,20026,537994579.00,229146,56.30,35.75,-24.65
5-March-2026,1370.00,1370.90,1347.50,1359.45,1356.874222716987084210,659348,24419,894652305.00,154093,23.37,23.40,-10.55
4-March-2026,1325.00,1375.90,1325.00,1364.50,1352.825767300908398793,673823,27950,911565117.00,403049,59.82,50.90,39.50
2-March-2026,1351.30,1378.95,1351.30,1374.20,1367.331752038107800149,306289,17699,418798675.00,180865,59.05,27.65,22.90
27-February-2026,1400.00,1401.40,1377.00,1379.00,1389.430783708630514723,517501,12690,719031820.00,408868,79.01,24.40,-21.00
26-February-2026,1403.05,1409.95,1392.10,1404.95,1404.763909474858554466,1380390,28712,1939122053.00,765813,55.48,17.85,1.90
25-February-2026,1392.90,1407.00,1389.00,1400.00,1399.635407100851522978,1070435,18060,1498218727.00,907318,84.76,18.00,7.10
24-February-2026,1399.20,1400.15,1382.10,1384.80,1390.347104674147395010,535242,9319,744172165.00,375422,70.14,18.05,-14.40
23-February-2026,1395.40,1408.95,1395.40,1399.10,1400.502842315843682532,302922,5886,424243122.00,258004,85.17,13.55,3.70
20-February-2026,1385.75,1403.60,1383.45,1393.55,1396.405216101392470665,322233,6557,449967842.00,235422,73.06,20.15,7.80
19-February-2026,1412.95,1412.95,1385.25,1390.15,1392.785542699579572864,608191,15926,847079632.00,131435,21.61,27.70,-22.80
18-February-2026,1409.65,1413.50,1399.10,1408.00,1405.682011467953063474,762647,9613,1072039169.00,718557,94.22,14.40,-1.65
17-February-2026,1409.00,1413.10,1393.25,1407.15,1402.748691099476439790,59210,2511,83056750.00,33044,55.81,19.85,-1.85
16-February-2026,1408.95,1414.60,1400.65,1410.20,1408.306207981243948104,544251,13208,766472062.00,397874,73.10,13.95,1.25
13-February-2026,1426.00,1434.50,1410.60,1414.35,1417.941804682892455850,391681,16681,555380864.00,155348,39.66,23.90,-11.65
12-February-2026,1401.00,1432.85,1401.00,1430.20,1427.396278300671607364,2503695,32101,3573764925.00,1125606,44.96,31.85,29.20
11-February-2026,1402.85,1413.50,1401.00,1405.90,1407.458380360049063432,3512188,19858,4943258434.00,3292792,93.75,12.50,3.05
10-February-2026,1400.05,1409.00,1395.70,1405.50,1399.440145858780525944,3625973,13899,5074332184.00,3518764,97.04,13.30,5.45
9-February-2026,1414.95,1414.95,1388.85,1397.15,1396.156883677074640453,184538,8726,257643999.00,123880,67.13,26.10,-17.80
6-February-2026,1396.30,1409.90,1394.75,1406.65,1401.380526155669063135,124906,3913,175040836.00,92835,74.32,15.15,10.35
5-February-2026,1405.60,1411.95,1392.60,1396.20,1399.488437656292078636,1299650,41368,1818845148.00,546315,42.04,19.35,-9.40
4-February-2026,1388.00,1413.90,1388.00,1408.70,1406.329267588278331857,311628,23512,438251577.00,170606,54.75,25.90,20.70
3-February-2026,1410.00,1416.00,1374.00,1389.60,1393.189659956463797341,767637,22533,1069463931.00,553216,72.07,42.00,-20.40
2-February-2026,1326.25,1354.70,1326.25,1352.20,1344.270586095842597100,170467,13203,229153774.00,106278,62.35,28.45,25.95
1-February-2026,1351.10,1365.10,1328.20,1333.50,1348.061136447676568470,137921,9316,185925940.00,68161,49.42,36.90,-17.60
30-January-2026,1366.45,1382.40,1353.10,1355.05,1366.813268807822219023,222341,9092,303898629.00,123203,55.41,29.30,-11.40
29-January-2026,1365.80,1387.65,1354.80,1384.10,1377.270652279482530134,1245831,40811,1715846474.00,531752,42.68,32.85,18.30
28-January-2026,1358.15,1380.00,1358.15,1367.40,1368.012745383748406827,854427,34185,1168867026.00,600000,70.22,21.85,9.25
27-January-2026,1342.95,1368.90,1328.65,1363.35,1350.962686719555650851,195882,8584,264629273.00,112744,57.56,40.25,20.40
23-January-2026,1340.00,1354.75,1335.70,1343.35,1345.835416755854274583,1167950,7072,1571868475.00,1104136,94.54,19.05,3.35
22-January-2026,1352.05,1355.00,1338.00,1345.65,1345.569106412429127884,450812,30770,606598700.00,148535,32.95,17.00,-6.40
21-January-2026,1370.00,1371.00,1340.00,1348.45,1353.976925664525628982,315112,23404,426654377.00,172155,54.63,31.00,-21.55
20-January-2026,1371.65,1387.75,1371.10,1375.35,1379.523678142319673125,123595,5485,170502229.00,76208,61.66,16.65,3.70
19-January-2026,1392.15,1399.85,1360.00,1379.80,1372.887103446822528069,901613,28096,1237812860.00,592404,65.70,39.85,-12.35
16-January-2026,1415.00,1420.60,1400.20,1411.65,1413.024484227162013785,337891,19502,477448256.00,226049,66.90,20.40,-3.35
14-January-2026,1428.00,1444.40,1415.00,1418.15,1422.371858263873726930,700767,35251,996751260.00,205463,29.32,29.40,-9.85
13-January-2026,1418.30,1442.00,1411.15,1436.55,1431.713374279100263605,747330,31496,1069962356.00,428974,57.40,30.85,18.25
12-January-2026,1402.00,1424.80,1391.75,1413.15,1408.487630150753768844,248750,7459,350361298.00,174828,70.28,33.05,11.15
9-January-2026,1425.65,1429.35,1401.80,1403.55,1408.605515738295821283,357885,15015,504118785.00,256043,71.54,27.55,-22.10
8-January-2026,1425.10,1442.20,1423.55,1435.35,1435.536806802274422027,1638746,48165,2352480200.00,1054522,64.35,18.65,10.25
7-January-2026,1361.15,1429.55,1361.15,1428.45,1423.527912387217105908,2741883,17023,3903146983.00,2531934,92.34,68.40,67.30
6-January-2026,1371.40,1413.50,1367.55,1410.75,1405.962017618828479389,730128,16228,1026532236.00,459509,62.94,45.95,39.35
5-January-2026,1352.05,1375.30,1352.05,1371.45,1368.280940842147464242,339228,9252,464159207.00,269752,79.52,23.25,19.40
2-January-2026,1339.70,1356.95,1337.10,1354.80,1344.837569342239329786,176660,4808,237579005.00,124140,70.27,19.85,15.10
1-January-2026,1343.20,1348.10,1335.60,1337.55,1339.553782550460098687,862315,33495,1155117320.00,230188,26.69,12.50,-5.65
31-December-2025,1347.60,1350.00,1339.40,1342.90,1345.013005510575187891,144631,15167,194530576.00,57198,39.55,10.60,-4.70
30-December-2025,1339.50,1347.40,1338.30,1342.15,1341.932580918707600321,278304,13009,373465205.00,231176,83.07,9.10,2.65
29-December-2025,1350.60,1355.00,1341.90,1343.20,1346.945585333771785596,121640,8244,163842461.00,73774,60.65,13.10,-7.40
26-December-2025,1357.00,1362.00,1348.50,1350.55,1353.206622465941876683,52337,2951,70822775.00,32486,62.07,13.50,-6.45
24-December-2025,1363.05,1368.15,1357.80,1359.50,1361.524218858848288859,545484,25825,742689677.00,167792,30.76,10.35,-3.55
23-December-2025,1364.95,1365.05,1357.40,1363.05,1361.291823345515389018,113555,10479,154581493.00,82858,72.97,7.65,-1.90
22-December-2025,1356.00,1371.00,1354.30,1368.40,1365.097031088152602338,148674,10118,202954436.00,94956,63.87,16.70,12.40
19-December-2025,1356.85,1359.85,1351.00,1354.15,1355.735178007895463108,250017,18036,338956842.00,175911,70.36,8.85,-2.70
18-December-2025,1349.95,1369.50,1345.00,1356.90,1359.814165942316099420,976737,37841,1328180809.00,224081,22.94,24.50,6.95
17-December-2025,1366.00,1366.00,1343.20,1352.95,1349.578654699208001892,346718,12101,467923212.00,155794,44.93,22.80,-13.05
16-December-2025,1362.00,1368.05,1355.55,1366.00,1363.022753752891710710,118442,5231,161439141.00,82520,69.67,12.50,4.00
15-December-2025,1358.55,1369.40,1356.65,1365.20,1364.990905214297198861,143049,8605,195260584.00,103131,72.09,12.75,6.65
12-December-2025,1366.10,1370.35,1363.35,1366.00,1366.053479580325217909,732186,2849,1000205233.00,709823,96.95,7.00,-0.10
11-December-2025,1363.55,1366.20,1353.15,1359.95,1359.964140455698447747,1217779,41044,1656135771.00,170138,13.97,13.05,-3.60
10-December-2025,1375.50,1379.50,1357.80,1364.15,1366.519761868941950181,511819,27937,699410778.00,155124,30.31,21.70,-11.35
9-December-2025,1380.00,1383.80,1373.35,1374.90,1378.531333470310252722,214148,6993,295209728.00,114991,53.70,10.45,-5.10
8-December-2025,1390.50,1394.75,1382.80,1389.40,1388.906866812736002983,107255,4192,148967206.00,62707,58.47,11.95,-1.10
5-December-2025,1379.90,1395.05,1379.85,1392.00,1389.527633946101933280,219006,7116,304314889.00,182894,83.51,15.20,12.10
4-December-2025,1389.20,1391.80,1380.10,1386.50,1385.174233905774385534,1056528,29080,1463475363.00,88861,8.41,11.70,-2.70
3-December-2025,1369.60,1393.95,1367.55,1391.40,1382.070637155703967494,567789,13117,784724505.00,318472,56.09,26.40,21.80
2-December-2025,1381.30,1385.00,1371.00,1372.65,1375.021227083160835138,229471,7887,315527496.00,140838,61.38,14.00,-8.65
1-December-2025,1393.00,1400.00,1385.35,1389.90,1393.848413560655962086,116897,6502,162936698.00,61619,52.71,14.65,-3.10
28-November-2025,1392.05,1398.00,1386.15,1388.70,1389.761242066274700181,222468,7255,309177404.00,173077,77.80,11.85,-3.35
27-November-2025,1377.45,1394.40,1375.45,1392.05,1390.059235278341825983,1044040,35127,1451277444.00,215102,20.60,18.95,14.60
26-November-2025,1359.00,1376.50,1359.00,1374.95,1366.555040310960820939,1058397,19232,1446357755.00,897972,84.84,17.50,15.95
25-November-2025,1366.90,1376.80,1354.40,1358.05,1360.321112087081243954,359756,9694,489383682.00,231502,64.35,22.40,-8.85
24-November-2025,1368.70,1376.55,1361.00,1368.05,1369.536744033102238785,547395,13209,749677566.00,386911,70.68,15.55,-0.65
21-November-2025,1374.45,1376.15,1364.90,1369.80,1369.432127802827984095,5009717,10227,6860467411.00,4720341,94.22,11.25,-4.65
20-November-2025,1383.95,1388.00,1375.10,1382.90,1382.410353601927850130,1024146,25189,1415790034.00,227419,22.21,12.90,-1.05
19-November-2025,1372.05,1384.00,1371.90,1383.10,1379.058139855436035132,181373,10972,250123912.00,115281,63.56,12.10,11.05
18-November-2025,1382.90,1382.90,1369.20,1371.90,1375.223472862006809533,74895,2640,102997362.00,48721,65.05,13.70,-11.00
17-November-2025,1373.20,1382.45,1373.20,1378.90,1378.856889651229273870,69960,2821,96464828.00,49878,71.30,9.25,5.70
14-November-2025,1377.85,1381.55,1363.50,1371.90,1370.683477482390833457,194359,7426,266404670.00,125871,64.76,18.05,-5.95
13-November-2025,1359.00,1390.60,1359.00,1385.95,1383.940843239681713878,1226318,37433,1697151567.00,400594,32.67,31.60,26.95
12-November-2025,1369.00,1369.00,1356.00,1358.95,1361.682676549556415659,200751,8059,273359159.00,121772,60.66,13.00,-10.05
11-November-2025,1349.85,1360.15,1346.80,1358.40,1353.015625931243735269,184565,5581,249719329.00,132219,71.64,13.35,8.55
10-November-2025,1343.10,1349.65,1340.95,1348.50,1343.914745035539206966,281098,6463,377771747.00,157343,55.97,8.70,5.40
7-November-2025,1318.55,1344.70,1318.55,1342.75,1337.115860184171861490,330778,11417,442288510.00,190120,57.48,26.15,24.20
6-November-2025,1330.00,1341.60,1317.50,1320.40,1321.880154250773111811,968812,22149,1280653356.00,131181,13.54,24.10,-9.60
4-November-2025,1344.80,1349.95,1333.50,1336.60,1336.703904486506508841,488643,7718,653171006.00,411036,84.12,16.45,-8.20
3-November-2025,1341.95,1351.50,1338.00,1345.60,1345.346890320489445322,493620,9220,664090132.00,390174,79.04,13.50,3.65
31-October-2025,1359.00,1362.00,1343.40,1345.05,1349.508718262465585806,385742,15202,520562192.00,252985,65.58,18.60,-13.95
30-October-2025,1362.15,1370.30,1360.80,1362.45,1363.462060457380104827,707639,18804,964838929.00,219188,30.97,9.50,0.30
29-October-2025,1362.35,1371.50,1359.00,1370.55,1364.800500245045013223,452978,18870,618224601.00,308347,68.07,12.50,8.20
28-October-2025,1374.90,1374.90,1356.60,1363.20,1361.534380766308477151,884448,32333,1204206360.00,526237,59.50,18.30,-11.70
27-October-2025,1380.00,1387.45,1373.65,1377.70,1380.907147896424305502,715805,26692,988460241.00,584131,81.60,13.80,-2.30
24-October-2025,1370.55,1381.75,1368.80,1375.45,1377.216426783772951075,745989,10000,1027388305.00,656452,88.00,12.95,4.90
23-October-2025,1386.95,1390.15,1360.00,1363.50,1372.587671006932172159,1060995,37801,1456308656.00,389541,36.71,30.15,-23.45
21-October-2025,1386.95,1388.00,1376.10,1382.20,1383.671531413612565445,137520,11236,190282509.00,85284,62.02,11.90,-4.75
20-October-2025,1441.20,1441.95,1389.25,1390.90,1404.142292831601430319,625035,23316,877638078.00,363648,58.18,52.70,-50.30
17-October-2025,1413.90,1439.60,1411.40,1436.70,1428.567127100787044709,591326,14721,844748885.00,416479,70.43,28.20,22.80
16-October-2025,1400.05,1419.05,1399.05,1417.20,1413.791423090528529343,1430422,29076,2022318355.00,620502,43.38,20.00,17.15
15-October-2025,1386.00,1400.20,1385.40,1398.40,1394.477780978535717257,781065,23605,1089177788.00,400099,51.22,14.80,12.40
14-October-2025,1385.30,1387.30,1375.00,1384.10,1379.437921561290703742,203114,12225,280183154.00,138117,68.00,12.30,-1.20
13-October-2025,1371.05,1385.45,1371.05,1379.05,1378.944753204479145572,533316,18474,735413300.00,364829,68.41,14.40,8.00
10-October-2025,1368.90,1385.15,1368.90,1380.65,1382.414771296862405778,472687,9247,653449491.00,260687,55.15,16.25,11.75
9-October-2025,1371.60,1378.95,1365.65,1376.20,1376.088443660098709347,947428,17647,1303744722.00,359969,37.99,13.30,4.60
8-October-2025,1373.90,1381.25,1364.40,1370.15,1370.530095432721706505,506954,10930,694795714.00,393802,77.68,16.85,-3.75
7-October-2025,1365.40,1383.00,1364.00,1376.10,1377.743011002035505397,504543,6259,695130592.00,449007,88.99,19.00,10.70
6-October-2025,1367.05,1372.50,1359.50,1362.90,1364.735052991233775155,218338,6697,297973522.00,103504,47.41,13.00,-4.15
3-October-2025,1374.35,1374.35,1361.20,1365.00,1366.836410055541622401,709738,4885,970095740.00,633446,89.25,13.15,-9.35
1-October-2025,1349.15,1379.55,1344.70,1371.95,1370.698145293724310185,1627104,26611,2230268435.00,703643,43.25,34.85,22.80
30-September-2025,1355.00,1356.00,1343.00,1348.05,1349.270076726342710997,70380,3897,94961628.00,33522,47.63,13.00,-6.95
29-September-2025,1357.95,1366.55,1345.50,1347.05,1354.003405359557261267,238154,9643,322461327.00,150186,63.06,21.05,-10.90
26-September-2025,1369.75,1370.40,1357.00,1360.75,1363.487140808150749295,202190,7189,275683465.00,51706,25.57,13.40,-9.00
25-September-2025,1379.00,1391.25,1373.20,1375.50,1377.328111543214169176,747764,25682,1029916378.00,127103,17.00,18.05,-3.50
24-September-2025,1386.00,1390.90,1377.00,1381.95,1381.572651602542353712,265266,22245,366484251.00,119632,45.10,13.90,-4.05
23-September-2025,1401.00,1403.00,1393.15,1394.55,1397.727745108733377626,100843,7735,140951059.00,69567,68.99,9.85,-6.45
22-September-2025,1395.55,1409.80,1395.55,1401.40,1402.758429090684591105,129581,9821,181770840.00,68208,52.64,14.25,5.85
19-September-2025,1418.95,1418.95,1400.65,1402.40,1404.526996241856145798,137834,13652,193591574.00,88930,64.52,18.30,-16.55
18-September-2025,1429.00,1432.50,1415.25,1421.85,1422.200775516644635923,386581,17278,549795798.00,66461,17.19,17.25,-7.15
17-September-2025,1420.00,1426.55,1416.40,1418.85,1420.837802346299918811,183523,9950,260756416.00,86592,47.18,10.15,-1.15
16-September-2025,1419.45,1424.70,1414.50,1421.75,1420.796104988270703315,112965,3538,160500232.00,91837,81.30,10.20,2.30
15-September-2025,1419.30,1426.85,1416.65,1419.50,1422.908512470376664050,131231,5936,186729707.00,94737,72.19,10.20,0.20
12-September-2025,1401.90,1419.85,1400.00,1417.60,1412.486335498662590752,261700,14092,369647674.00,190929,72.96,19.85,15.70
11-September-2025,1397.35,1407.70,1396.00,1401.80,1403.100799944086513412,944316,32626,1324970535.00,239124,25.32,11.70,4.45
10-September-2025,1416.35,1416.35,1402.00,1403.45,1408.515620532146549259,681955,16236,960544270.00,309104,45.33,14.35,-12.90
9-September-2025,1407.90,1407.90,1395.50,1403.00,1400.724270382952439777,51808,3305,72568723.00,23170,44.72,12.40,-4.90
8-September-2025,1401.00,1410.50,1397.70,1402.35,1403.474844668179520973,100913,5172,141628857.00,34127,33.82,12.80,1.35
5-September-2025,1412.55,1412.55,1388.10,1402.70,1395.808911400893295494,167022,6595,233130796.00,89433,53.55,24.45,-9.85
4-September-2025,1409.20,1415.00,1401.80,1405.65,1407.274281607634853569,552414,24794,777398015.00,120689,21.85,13.20,-3.55
3-September-2025,1391.00,1400.00,1383.90,1397.15,1392.135889626404912849,120826,14199,168206211.00,46534,38.51,16.10,6.15
2-September-2025,1411.55,1413.45,1390.10,1394.45,1405.147182867905986405,97688,3536,137266018.00,60031,61.45,23.35,-17.10
1-September-2025,1398.00,1412.15,1397.95,1410.70,1405.864041918698009103,82827,5484,116443501.00,46880,56.60,14.20,12.70
29-August-2025,1392.00,1404.80,1391.70,1398.00,1400.182213389641038380,48306,3135,67637202.00,27822,57.60,13.10,6.00
28-August-2025,1410.70,1411.65,1396.15,1398.80,1403.349936298676120312,90265,7299,126673382.00,48437,53.66,15.50,-11.90
26-August-2025,1421.30,1426.05,1413.30,1416.70,1417.461485139295548365,676583,24534,959030344.00,73020,10.79,12.75,-4.60
25-August-2025,1439.95,1439.95,1423.60,1433.20,1427.768206871085095325,292472,7873,417582223.00,185071,63.28,16.35,-6.75
22-August-2025,1441.35,1445.50,1430.00,1436.20,1433.752476802805581939,273740,5331,392475403.00,214267,78.27,15.50,-5.15
21-August-2025,1440.70,1447.70,1436.05,1445.80,1443.026130914767869754,80709,3737,116465196.00,52184,64.66,11.65,5.10
20-August-2025,1439.90,1439.90,1424.00,1430.25,1429.703826252244007180,142045,4871,203082280.00,96583,67.99,15.90,-9.65
19-August-2025,1430.25,1438.85,1426.25,1436.40,1435.676501077216098916,320270,12955,459804113.00,91607,28.60,12.60,6.15
18-August-2025,1431.25,1451.95,1431.15,1434.60,1440.761513029443157264,192065,6352,276719860.00,136265,70.95,20.80,3.35
14-August-2025,1417.95,1431.00,1415.00,1427.30,1426.321512869506575250,338086,7239,482219335.00,289283,85.56,16.00,9.35
13-August-2025,1422.10,1427.20,1415.55,1421.15,1420.199879731974113739,1396880,9909,1983848808.00,420543,30.11,11.65,-0.95
12-August-2025,1429.25,1433.65,1420.80,1422.10,1424.074982239975776491,171734,9408,244562093.00,46112,26.85,12.85,-7.15
11-August-2025,1431.95,1438.80,1419.85,1436.70,1425.812704522787032534,242638,6791,345956343.00,179640,74.04,18.95,4.75
8-August-2025,1446.20,1446.20,1432.25,1436.45,1437.130405318444967602,878001,4483,1261801933.00,157799,17.97,13.95,-9.75
7-August-2025,1442.95,1447.15,1428.85,1440.05,1435.129649003504734006,229404,6261,329224482.00,184035,80.22,18.30,-2.90
6-August-2025,1440.35,1453.00,1440.35,1444.75,1445.521930047468515262,98381,2668,142211893.00,76633,77.89,12.65,4.40
5-August-2025,1456.95,1461.00,1440.95,1444.30,1446.117792395959648462,1693021,10529,2448307791.00,67558,3.99,20.05,-12.65
4-August-2025,1476.10,1477.70,1461.60,1463.00,1468.433346238224287004,46494,2696,68273340.00,23378,50.28,16.10,-13.10
1-August-2025,1478.00,1485.00,1458.00,1471.40,1474.360282048114090050,113314,4659,167065661.00,70725,62.42,27.00,-6.60
31-July-2025,1471.00,1494.10,1464.40,1481.60,1476.154694480270659264,106998,5571,157945600.00,57008,53.28,29.70,10.60
30-July-2025,1490.00,1490.00,1477.15,1481.70,1483.245720313756619282,95743,5237,142010395.00,66339,69.29,12.85,-8.30
29-July-2025,1476.35,1489.85,1475.15,1486.25,1485.459567828225986950,942727,22596,1400382842.00,129150,13.70,14.70,9.90
28-July-2025,1474.20,1493.60,1474.20,1488.65,1486.741055193442806389,214482,8865,318879195.00,67189,31.33,19.40,14.45
25-July-2025,1489.40,1493.70,1473.70,1476.60,1480.064650580875781948,139875,5425,207024043.00,29266,20.92,20.00,-12.80
24-July-2025,1488.50,1488.50,1476.80,1482.70,1483.884593473321582005,149203,3038,221400033.00,118584,79.48,11.70,-5.80
23-July-2025,1482.00,1489.95,1472.50,1487.75,1479.125996548762720240,1250566,5149,1849744681.00,173053,13.84,17.45,5.75
22-July-2025,1471.15,1482.00,1470.15,1473.55,1474.240997161799177991,1748643,33110,2577921200.00,566235,32.38,11.85,2.40
21-July-2025,1440.65,1467.60,1436.35,1465.85,1456.394232127430849315,672553,17448,979502310.00,383737,57.06,31.25,25.20
18-July-2025,1417.00,1428.65,1408.35,1426.50,1415.942887973784643704,252066,8610,356911060.00,149339,59.25,20.30,9.50
17-July-2025,1420.95,1421.00,1409.30,1419.05,1413.880798807973627428,1383862,7998,1956615910.00,769537,55.61,11.70,-1.90
16-July-2025,1423.05,1429.15,1419.00,1425.05,1425.026033440620508932,618589,4516,881505429.00,575406,93.02,10.15,2.00
15-July-2025,1422.00,1433.80,1419.90,1431.45,1429.520198771764930782,1004368,13211,1435764343.00,184940,18.41,13.90,9.45
14-July-2025,1424.00,1424.70,1416.00,1422.75,1421.656735974462911868,1956057,5340,2780841610.00,1929090,98.62,8.70,-1.25
11-July-2025,1423.60,1427.95,1414.55,1422.20,1419.610018151901379022,306304,5727,434832227.00,233431,76.21,13.40,-1.40
10-July-2025,1433.00,1438.65,1422.25,1424.50,1426.351307743636303969,182834,6349,260785515.00,115543,63.20,16.40,-8.50
9-July-2025,1439.95,1439.95,1426.60,1432.00,1431.135022033414703737,189258,5329,270853752.00,152018,80.32,13.35,-7.95
8-July-2025,1437.95,1445.40,1430.50,1442.15,1441.248084159956158153,780989,13575,1125598900.00,277506,35.53,14.90,4.20
7-July-2025,1439.65,1440.45,1429.55,1435.55,1432.668322641843116448,124398,3144,178221074.00,74575,59.95,10.90,-4.10
4-July-2025,1426.00,1444.00,1421.10,1442.65,1428.894101558390814961,332715,9697,475414501.00,156898,47.16,22.90,16.65
3-July-2025,1431.30,1446.40,1424.15,1426.20,1430.209069042939938092,199977,5541,286008919.00,127900,63.96,22.25,-5.10
2-July-2025,1434.05,1451.00,1422.65,1428.15,1428.699169024523514550,369686,7400,528170081.00,302134,81.73,28.35,-5.90
1-July-2025,1445.80,1448.45,1429.95,1432.00,1434.722915551998283229,1379334,18045,1978962098.00,376344,27.28,18.50,-13.80
30-June-2025,1461.75,1461.80,1442.50,1445.80,1451.297601533960361670,120994,4897,175598302.00,38031,31.43,19.30,-15.95
27-June-2025,1438.00,1465.40,1438.00,1461.75,1452.932660590734554333,332569,9690,483200362.00,240383,72.28,27.40,23.75
26-June-2025,1423.95,1447.50,1423.20,1439.25,1435.579850804423443399,141157,3186,202642145.00,76282,54.04,24.30,15.30
25-June-2025,1423.95,1428.95,1416.40,1425.80,1421.486356690678891071,109944,2537,156283896.00,83224,75.70,12.55,1.85
24-June-2025,1426.25,1436.20,1416.40,1423.90,1424.817821277223968836,894111,19283,1273945287.00,88729,9.92,19.80,-2.35
23-June-2025,1413.90,1423.00,1412.25,1419.60,1418.328497864356712306,125255,4680,177652736.00,78218,62.45,10.75,5.70
20-June-2025,1411.35,1433.45,1410.85,1427.35,1426.988056503769316246,375267,8926,535501527.00,168923,45.01,22.60,16.00
19-June-2025,1409.95,1414.90,1405.10,1411.35,1409.502941259253004587,35529,2061,50078230.00,18606,52.37,9.80,1.40
18-June-2025,1417.50,1431.80,1410.30,1412.25,1414.242949617002912935,92690,2123,131086179.00,57076,61.58,21.50,-5.25
17-June-2025,1427.20,1429.80,1417.60,1423.05,1421.501740429631786927,1503939,20411,2137851906.00,536508,35.67,12.20,-4.15
16-June-2025,1416.50,1429.00,1414.15,1426.85,1422.158573415585920898,310588,10607,441705387.00,131830,42.45,14.85,10.35
13-June-2025,1401.05,1421.30,1401.05,1416.20,1412.493333069427125599,151569,6641,214090202.00,61381,40.50,20.25,15.15
12-June-2025,1431.00,1436.45,1419.60,1425.30,1424.766188339116005430,106064,2022,151116401.00,71506,67.42,16.85,-5.70
11-June-2025,1423.00,1434.40,1418.35,1430.85,1430.464949004456605346,170309,3626,243621055.00,113293,66.52,16.05,7.85
10-June-2025,1440.00,1440.90,1416.50,1422.90,1420.854058450836638998,1207271,16542,1715355900.00,864145,71.58,24.40,-17.10
9-June-2025,1467.45,1467.50,1434.00,1434.95,1438.827297338538639453,583251,8017,839197460.00,434290,74.46,33.50,-32.50
6-June-2025,1447.10,1461.95,1442.80,1459.50,1456.884209293095451002,418246,13000,609335993.00,160388,38.35,19.15,12.40
5-June-2025,1430.35,1458.50,1428.00,1454.75,1446.024999072872241794,269650,7459,389920641.00,195483,72.50,30.50,24.40
4-June-2025,1441.90,1441.90,1426.00,1431.10,1430.938295342424165760,79054,4350,113121396.00,35088,44.38,15.90,-10.80
